actual,proposed
0.0,0.0
0.0,0.0
0.0,0.0
0.0,0.0
0.0,0.0
0.0,0.0
0.0,0.0
0.0,0.0
0.0,0.0
0.0,0.0
0.0,0.0
0.0,0.0
0.0,0.0
0.0,0.0
0.0,0.0
0.0,0.0
0.0,0.0
0.0,0.0
0.0,0.0
0.0,0.0
0.0,0.0
0.0,0.0
0.0,0.0
0.0,0.0
0.0,0.0
0.0,0.0
0.0,0.0
0.0,0.0
0.0,0.0
0.0,0.0
0.0,0.0
0.0,0.0
0.0,0.0
205.9004364013672,0.0
219.5424041748047,0.0
236.59483337402344,0.0
250.2367401123047,0.0
277.5206298828125,0.0
291.16259765625,0.0
304.80450439453125,0.0
304.80450439453125,0.0
301.39404296875,0.0
301.39404296875,0.0
301.39404296875,0.0
301.39404296875,0.0
297.9835205078125,0.0
297.9835205078125,0.0
294.57305908203125,0.0
287.7520751953125,2.5845754146575928
284.34161376953125,9.753110885620117
263.87872314453125,12.975714683532715
0.0,15.940082550048828
0.0,0.0
0.0,0.0
0.0,0.0
0.0,0.0
0.0,0.0
0.0,0.0
0.0,0.0
0.0,0.0
0.0,0.0
0.0,0.0
0.0,0.0
0.0,0.0
0.0,0.0
0.0,0.0
0.0,0.0
0.0,0.0
0.0,0.0
0.0,0.0
0.0,0.0
0.0,0.0
0.0,0.0
0.0,0.0
0.0,0.0
0.0,0.0
0.0,0.0
0.0,0.0
0.0,0.0
0.0,0.0
0.0,0.0
0.0,0.0
0.0,0.0
0.0,0.0
0.0,0.0
0.0,0.0
0.0,0.0
0.0,0.0
0.0,0.0
0.0,0.0
193.2340545654297,0.0
237.5703582763672,0.0
268.26470947265625,0.0
322.83245849609375,0.0
346.70587158203125,0.0
394.4527282714844,0.0
404.6841735839844,0.0
408.0946960449219,0.0
418.3261413574219,0.0
435.3785095214844,5.009899616241455
438.7890319824219,10.531597137451172
442.1995544433594,15.885684967041016
452.4309997558594,21.078611373901367
459.2519226074219,26.206096649169922
469.4833679199219,31.22589683532715
472.8938903808594,36.18691635131836
469.4833679199219,41.00189208984375
466.0728454589844,49.95082092285156
0.0,0.0
0.0,0.0
0.0,0.0
0.0,0.0
0.0,0.0
0.0,0.0
0.0,0.0
0.0,0.0
0.0,0.0
0.0,0.0
0.0,0.0
0.0,0.0
0.0,0.0
0.0,0.0
0.0,0.0
0.0,0.0
0.0,0.0
0.0,0.0
0.0,0.0
0.0,0.0
0.0,0.0
0.0,0.0
0.0,0.0
0.0,0.0
0.0,0.0
0.0,0.0
0.0,0.0
0.0,0.0
0.0,0.0
0.0,0.0
0.0,0.0
0.0,0.0
0.0,0.0
0.0,0.0
0.0,0.0
0.0,0.0
0.0,0.0
0.0,0.0
0.0,0.0
0.0,0.0
0.0,0.0
0.0,0.0
0.0,0.0
0.0,0.0
0.0,0.0
0.0,0.0
0.0,0.0
0.0,0.0
0.0,0.0
0.0,0.0
0.0,0.0
0.0,0.0
0.0,0.0
0.0,0.0
0.0,0.0
0.0,0.0
0.0,0.0
0.0,0.0
0.0,0.0
0.0,0.0
0.0,0.0
0.0,0.0
0.0,0.0
0.0,0.0
0.0,0.0
0.0,0.0
0.0,0.0
0.0,0.0
0.0,0.0
0.0,0.0
0.0,0.0
0.0,0.0
206.4216766357422,0.0
254.16851806640625,0.0
271.22088623046875,0.0
291.68377685546875,0.0
308.73626708984375,0.0
0.0,0.0
0.0,0.0
0.0,0.0
0.0,0.0
0.0,0.0
0.0,0.0
0.0,0.0
0.0,0.0
0.0,0.0
0.0,0.0
0.0,0.0
0.0,0.0
0.0,0.0
0.0,0.0
0.0,0.0
0.0,0.0
0.0,0.0
0.0,0.0
0.0,0.0
0.0,0.0
0.0,0.0
0.0,0.0
0.0,0.0
0.0,0.0
0.0,0.0
0.0,0.0
0.0,0.0
0.0,0.0
0.0,0.0
0.0,0.0
0.0,0.0
0.0,0.0
0.0,0.0
0.0,0.0
0.0,0.0
0.0,0.0
0.0,0.0
0.0,0.0
0.0,0.0
0.0,0.0
0.0,0.0
0.0,0.0
0.0,0.0
0.0,0.0
0.0,0.0
0.0,0.0
0.0,0.0
0.0,0.0
0.0,0.0
0.0,0.0
0.0,0.0
0.0,0.0
0.0,0.0
0.0,0.0
0.0,0.0
0.0,0.0
0.0,0.0
0.0,0.0
0.0,0.0
0.0,0.0
0.0,0.0
0.0,0.0
0.0,0.0
0.0,0.0
0.0,0.0
0.0,0.0
0.0,0.0
0.0,0.0
0.0,0.0
0.0,0.0
0.0,0.0
0.0,0.0
0.0,0.0
0.0,0.0
0.0,0.0
0.0,0.0
0.0,0.0
0.0,0.0
0.0,0.0
0.0,0.0
0.0,0.0
0.0,0.0
0.0,0.0
0.0,0.0
0.0,0.0
0.0,0.0
0.0,0.0
0.0,0.0
0.0,0.0
0.0,0.0
0.0,0.0
0.0,0.0
0.0,0.0
0.0,0.0
0.0,0.0
0.0,0.0
0.0,0.0
0.0,0.0
0.0,0.0
0.0,0.0
0.0,0.0
0.0,0.0
0.0,0.0
0.0,0.0
0.0,0.0
0.0,0.0
0.0,0.0
0.0,0.0
0.0,0.0
0.0,0.0
0.0,0.0
0.0,0.0
0.0,0.0
0.0,0.0
0.0,0.0
0.0,0.0
0.0,0.0
0.0,0.0
0.0,0.0
0.0,0.0
0.0,0.0
0.0,0.0
0.0,0.0
0.0,0.0
0.0,0.0
0.0,0.0
0.0,0.0
0.0,0.0
0.0,0.0
0.0,0.0
0.0,0.0
0.0,0.0
0.0,28.40041160583496
0.0,29.18813133239746
0.0,29.945552825927734
0.0,30.62908363342285
0.0,31.241559982299805
0.0,31.785717010498047
0.0,32.30894470214844
0.0,32.76728439331055
0.0,33.2079963684082
0.0,33.58699417114258
0.0,33.90665054321289
0.0,34.21401596069336
0.0,34.50955581665039
0.0,34.83849334716797
0.0,35.458900451660156
0.0,35.70656204223633
0.0,35.98945999145508
0.0,36.261478424072266
0.0,36.52303695678711
0.0,36.774532318115234
0.0,37.016357421875
0.0,37.248878479003906
0.0,37.42769241333008
0.0,37.599632263183594
0.0,37.764957427978516
0.0,37.8791618347168
0.0,37.98897933959961
0.0,38.13932800292969
0.0,38.290340423583984
0.0,38.29481506347656
0.0,38.20958709716797
0.0,37.82847213745117
0.0,37.626895904541016
0.0,37.3883056640625
0.0,37.158897399902344
0.0,36.638397216796875
0.0,36.348304748535156
0.0,36.069366455078125
0.0,35.80115509033203
0.0,35.498497009277344
0.0,34.884613037109375
0.0,34.527687072753906
0.0,33.85448455810547
0.0,33.492408752441406
0.0,33.0994987487793
0.0,32.76646423339844
0.0,32.44623947143555
0.0,31.752737045288086
0.0,31.381973266601562
0.0,30.935943603515625
0.0,30.462308883666992
0.0,29.962127685546875
0.0,29.436420440673828
0.0,28.930931091308594
0.0,28.44488525390625
0.0,27.932769775390625
0.0,27.395587921142578
0.0,26.879066467285156
0.0,26.337648391723633
0.0,25.727529525756836
0.0,25.14087677001953
0.0,24.532024383544922
0.0,24.036113739013672
0.0,23.60403823852539
0.0,23.143817901611328
0.0,22.7012996673584
0.0,22.275800704956055
0.0,21.866666793823242
0.0,21.51803207397461
0.0,21.18280792236328
0.0,20.815711975097656
0.0,20.41797637939453
0.0,20.035537719726562
0.0,18.540241241455078
0.0,17.670042037963867
0.0,17.30376625061035
0.0,16.996339797973633
0.0,16.70073890686035
0.0,16.506031036376953
0.0,16.274051666259766
0.0,15.836517333984375
0.0,15.585525512695312
0.0,15.299423217773438
0.0,15.069087982177734
0.0,14.668558120727539
0.0,13.649711608886719
0.0,13.035196304321289
0.0,12.310028076171875
0.0,11.657515525817871
0.0,11.119622230529785
0.0,10.6024169921875
0.0,9.970818519592285
0.0,9.2739839553833
0.0,0.0
0.0,0.0
0.0,0.0
0.0,0.0
0.0,0.0
0.0,0.0
0.0,0.0
0.0,0.0
0.0,0.0
0.0,0.0
0.0,0.0
0.0,0.0
0.0,0.0
0.0,0.0
0.0,0.0
0.0,0.0
0.0,0.0
0.0,0.0
0.0,0.0
0.0,0.0
0.0,0.0
0.0,0.0
0.0,0.0
0.0,0.0
0.0,0.0
0.0,0.0
0.0,0.0
0.0,0.0
0.0,0.0
0.0,0.0
0.0,8.74588680267334
0.0,10.89579963684082
0.0,11.998671531677246
0.0,13.059125900268555
0.0,14.168316841125488
0.0,15.279609680175781
0.0,16.43768882751465
0.0,17.6407527923584
0.0,18.887067794799805
0.0,21.325542449951172
0.0,23.66785430908203
0.0,24.77188491821289
0.0,26.766386032104492
0.0,27.661714553833008
0.0,28.52260971069336
0.0,29.350391387939453
0.0,30.14633560180664
0.0,30.956430435180664
0.0,31.735368728637695
0.0,32.529109954833984
0.0,33.29232406616211
0.0,33.98141860961914
0.0,34.68877410888672
0.0,35.41368865966797
0.0,36.1107177734375
0.0,36.87046813964844
0.0,38.34819030761719
0.0,39.06664276123047
0.0,39.712703704833984
0.0,40.28915023803711
0.0,41.333343505859375
0.0,42.34180450439453
0.0,42.906654357910156
0.0,43.494544982910156
0.0,44.338233947753906
0.0,45.032188415527344
0.0,45.26974868774414
0.0,45.45341110229492
0.0,45.630008697509766
0.0,45.84457778930664
0.0,46.00613021850586
0.0,46.07194519042969
0.0,46.135231018066406
0.0,46.196083068847656
0.0,46.12030029296875
0.0,46.04743576049805
0.0,45.79832077026367
0.0,45.5140266418457
0.0,45.15113830566406
0.0,44.80220413208008
0.0,44.46669387817383
0.0,44.09932327270508
0.0,43.74608612060547
0.0,43.36166763305664
0.0,42.992034912109375
0.0,42.68138122558594
0.0,42.3826789855957
0.0,42.050697326660156
0.0,41.73148727416992
0.0,41.200740814208984
0.0,40.690406799316406
0.0,40.11017608642578
0.0,39.283687591552734
0.0,38.48898696899414
0.0,37.41150665283203
0.0,36.241180419921875
0.0,35.115867614746094
0.0,33.8995475769043
0.0,32.461429595947266
0.0,31.03386116027832
0.0,29.52691078186035
0.0,28.077919006347656
0.0,26.416080474853516
0.0,24.773395538330078
0.0,23.059602737426758
0.0,21.366962432861328
0.0,17.909345626831055
0.0,16.23573875427246
0.0,13.034396171569824
0.0,11.413999557495117
0.0,9.855925559997559
0.0,8.402542114257812
0.0,5.7491278648376465
0.0,4.587984085083008
0.0,3.516263961791992
0.0,2.4857633113861084
0.0,1.718711495399475
0.0,0.9811616539955139
0.0,0.4957968294620514
0.0,0.029099881649017334
0.0,0.0
0.0,0.0
0.0,0.0
0.0,0.07737357914447784
0.0,0.4772658050060272
0.0,1.085591435432434
0.0,4.090809345245361
0.0,5.231594562530518
0.0,6.507557392120361
0.0,9.618297576904297
0.0,12.66995906829834
0.0,14.331276893615723
0.0,15.92869758605957
0.0,17.464679718017578
0.0,18.94158363342285
0.0,20.361684799194336
0.0,21.682403564453125
0.0,22.818035125732422
0.0,23.865222930908203
0.0,24.872135162353516
0.0,25.795557022094727
0.0,26.549177169799805
0.0,27.229045867919922
0.0,28.556108474731445
0.0,29.114025115966797
0.0,29.650484085083008
0.0,30.121543884277344
0.0,30.57448959350586
0.0,32.0898323059082
0.0,32.829803466796875
0.0,33.26811218261719
0.0,33.68955993652344
0.0,34.22909164428711
0.0,34.74787139892578
0.0,35.24669647216797
0.0,35.72633743286133
0.0,36.187530517578125
0.0,36.675743103027344
0.0,37.145179748535156
0.0,37.641326904296875
0.0,38.07362365722656
0.0,38.44453811645508
0.0,38.80118179321289
0.0,39.14411163330078
0.0,39.473854064941406
0.0,39.70138168334961
0.0,39.83063507080078
0.0,39.865394592285156
0.0,39.8988151550293
0.0,39.79665756225586
0.0,39.69843292236328
0.0,39.51445770263672
0.0,39.2480354309082
0.0,38.70077133178711
0.0,38.46564483642578
0.0,38.239559173583984
0.0,37.93264389038086
0.0,37.637535095214844
0.0,37.35377502441406
0.0,37.080928802490234
0.0,36.81857681274414
0.0,36.387264251708984
0.0,35.88301086425781
0.0,35.2191047668457
0.0,33.3522834777832
0.0,32.33808135986328
0.0,29.89320945739746
0.0,27.240249633789062
0.0,25.923969268798828
0.0,24.479265213012695
0.0,22.95583724975586
0.0,21.401473999023438
0.0,19.817373275756836
0.0,18.249433517456055
0.0,16.60750961303711
0.0,14.98397159576416
0.0,9.951624870300293
0.0,8.270746231079102
0.0,6.609753608703613
0.0,3.4339218139648438
0.0,1.9589604139328003
0.0,0.5407284498214722
0.0,0.0
0.0,0.0
0.0,0.0
0.0,0.0
0.0,0.0
0.0,0.0
0.0,0.0
0.0,0.0
0.0,0.0
0.0,0.0
0.0,0.0
0.0,0.0
0.0,0.0
0.0,0.0
0.0,0.0
0.0,0.0
0.0,0.0
0.0,0.0
0.0,0.7102000713348389
0.0,3.204664945602417
0.0,4.692873477935791
0.0,7.5893025398254395
0.0,9.04316234588623
0.0,10.485867500305176
0.0,11.962606430053711
0.0,13.472075462341309
0.0,14.968252182006836
0.0,16.406883239746094
0.0,17.834945678710938
0.0,19.252845764160156
0.0,21.839336395263672
0.0,23.103221893310547
0.0,26.652006149291992
0.0,27.686023712158203
0.0,28.725038528442383
0.0,29.679325103759766
0.0,30.641672134399414
0.0,32.325904846191406
0.0,33.14169692993164
0.0,33.92611312866211
0.0,34.63559341430664
0.0,35.362552642822266
0.0,36.016788482666016
0.0,36.69062423706055
0.0,37.29377746582031
0.0,37.78420639038086
0.0,38.255775451660156
0.0,38.792259216308594
0.0,39.00123977661133
0.0,39.1126594543457
0.0,39.30931854248047
0.0,39.45364761352539
0.0,39.592430114746094
0.0,39.591583251953125
0.0,39.6802978515625
0.0,39.810359954833984
0.0,39.84589767456055
0.0,39.835304260253906
0.0,39.82511901855469
0.0,39.77056121826172
0.0,39.718101501464844
0.0,39.667659759521484
0.0,39.574398040771484
0.0,39.43995666503906
0.0,38.84987258911133
0.0,38.33264923095703
0.0,37.97739028930664
0.0,37.59103012084961
0.0,37.2642936706543
0.0,36.90536117553711
0.0,36.56023406982422
0.0,35.86452865600586
0.0,35.46990966796875
0.0,35.04570770263672
0.0,33.80487060546875
0.0,33.17613220214844
0.0,32.4820442199707
0.0,31.54607582092285
0.0,30.646106719970703
0.0,28.594017028808594
0.0,27.44948387145996
0.0,26.214683532714844
0.0,24.937849044799805
0.0,23.620595932006836
0.0,22.264484405517578
0.0,19.396825790405273
0.0,14.523962020874023
0.0,12.891037940979004
0.0,11.320919036865234
0.0,9.811189651489258
0.0,8.314762115478516
0.0,5.580165386199951
0.0,4.291233539581299
0.0,3.0518763065338135
0.0,1.8154230117797852
0.0,0.6712890863418579
0.0,0.0
0.0,0.0
0.0,0.0
0.0,0.0
0.0,0.0
0.0,0.0
0.0,0.0
0.0,0.0
0.0,0.0
0.0,0.0
0.0,0.0
0.0,0.0
0.0,0.0
0.0,0.0
0.0,0.0
0.0,0.0
0.0,0.0
0.0,0.0
0.0,0.0
0.0,0.0
0.0,0.0
0.0,0.0
0.0,0.0
0.0,0.8411582112312317
0.0,1.8383523225784302
0.0,2.841956377029419
0.0,3.941250801086426
0.0,5.087788105010986
0.0,6.234991073608398
0.0,7.427598476409912
0.0,9.809536933898926
0.0,10.95418930053711
0.0,12.099578857421875
0.0,13.200916290283203
0.0,15.278141021728516
0.0,16.212461471557617
0.0,17.066083908081055
0.0,17.931636810302734
0.0,18.853424072265625
0.0,19.605470657348633
0.0,20.239065170288086
0.0,20.803525924682617
0.0,21.346277236938477
0.0,21.868154525756836
0.0,22.369958877563477
0.0,22.852462768554688
0.0,23.316410064697266
0.0,23.76251220703125
0.0,24.191457748413086
0.0,24.60390281677246
0.0,25.045249938964844
0.0,25.469621658325195
0.0,25.788145065307617
0.0,26.049657821655273
0.0,26.166820526123047
0.0,26.34476089477539
0.0,26.405811309814453
0.0,26.330224990844727
0.0,26.212783813476562
0.0,26.055095672607422
0.0,25.813945770263672
0.0,25.537311553955078
0.0,25.271316528320312
0.0,24.970787048339844
0.0,24.22663116455078
0.0,23.74246597290039
0.0,23.232162475585938
0.0,22.786245346069336
0.0,22.447006225585938
0.0,22.120813369750977
0.0,21.62811851501465
0.0,21.020082473754883
0.0,20.34590721130371
0.0,19.65289878845215
0.0,18.98654556274414
0.0,18.301057815551758
0.0,17.597171783447266
0.0,16.0492000579834
0.0,15.208108901977539
0.0,14.309840202331543
0.0,12.39525032043457
0.0,11.336591720581055
0.0,10.273886680603027
0.0,9.252055168151855
0.0,8.224761962890625
0.0,7.192215442657471
0.0,6.199382781982422
0.0,5.199975967407227
0.0,4.239007949829102
0.0,3.315000295639038
0.0,2.381767988204956
0.0,1.3053748607635498
0.0,0.2256218045949936
0.0,0.0
0.0,0.0
0.0,0.0
0.0,0.0
0.0,0.0
0.0,0.0
0.0,0.0
0.0,0.0
0.0,0.0
0.0,0.0
0.0,0.0
0.0,0.0
0.0,0.0
0.0,0.0
0.0,0.0
0.0,0.0
0.0,0.0
0.0,0.0
0.0,0.0
0.0,0.0
0.0,0.0
0.0,0.0
0.0,0.0
0.0,0.0
0.0,0.0
0.0,0.0023784295190125704
0.0,1.2108875513076782
0.0,2.4176790714263916
0.0,3.66757869720459
0.0,5.003695964813232
0.0,6.377951145172119
0.0,7.788873672485352
0.0,9.23505687713623
0.0,10.670381546020508
0.0,12.050501823425293
0.0,13.422303199768066
0.0,14.786103248596191
0.0,16.1422119140625
0.0,17.490928649902344
0.0,18.83253288269043
0.0,20.167301177978516
0.0,21.495494842529297
0.0,22.727842330932617
0.0,23.912790298461914
0.0,25.096927642822266
0.0,26.325044631958008
0.0,27.5954532623291
184.16587829589844,28.817001342773438
0.0,30.125856399536133
0.0,31.33960723876953
0.0,32.461910247802734
0.0,33.585811614990234
0.0,34.66648864746094
0.0,35.70560073852539
0.0,36.70474624633789
0.0,37.665462493896484
0.0,38.589229583740234
0.0,39.387935638427734
0.0,40.06639862060547
0.0,40.674007415771484
0.0,41.25824737548828
0.0,41.82001495361328
0.0,42.36017608642578
0.0,42.87956237792969
0.0,43.378971099853516
0.0,43.81441116333008
0.0,44.18833541870117
0.0,44.59264373779297
0.0,44.98140335083008
0.0,45.35520935058594
0.0,45.8936882019043
0.0,46.41145706176758
184.16580200195312,47.34325408935547
187.57603454589844,47.93955993652344
0.0,48.55769348144531
0.0,49.06252670288086
0.0,49.50318145751953
0.0,49.88212203979492
0.0,50.29125213623047
0.0,50.72941207885742
0.0,51.150718688964844
0.0,51.51105499267578
0.0,51.81277084350586
0.0,52.147647857666016
0.0,52.42488098144531
0.0,52.64668655395508
0.0,52.85995864868164
0.0,53.172691345214844
0.0,53.231449127197266
0.0,53.24318313598633
0.0,53.20969772338867
0.0,53.17750549316406
0.0,53.05702209472656
0.0,52.85165023803711
0.0,52.609413146972656
0.0,52.331729888916016
0.0,52.10948944091797
0.0,51.46995162963867
0.0,51.101802825927734
0.0,50.31964111328125
0.0,49.50868225097656
0.0,49.12644577026367
0.0,48.803672790527344
0.0,48.49331283569336
0.0,48.15012741088867
0.0,47.63541030883789
0.0,47.20256423950195
0.0,46.95378875732422
0.0,46.66981506347656
0.0,46.39676284790039
0.0,46.134212493896484
0.0,45.836997985839844
0.0,45.55121612548828
0.0,45.276424407958984
0.0,44.967437744140625
0.0,44.580806732177734
0.0,44.209049224853516
0.0,43.332271575927734
0.0,42.87424850463867
0.0,42.478599548339844
0.0,42.09817123413086
0.0,41.73237609863281
0.0,41.38064956665039
0.0,40.99768829345703
0.0,40.629451751708984
0.0,39.47837829589844
0.0,39.07905197143555
0.0,38.65032196044922
0.0,37.88645935058594
0.0,37.548362731933594
0.0,37.2232666015625
0.0,36.955440521240234
0.0,36.742679595947266
0.0,36.582862854003906
0.0,36.42919158935547
0.0,36.1919059753418
0.0,35.963748931884766
0.0,35.744361877441406
0.0,35.533416748046875
0.0,35.33058547973633
0.0,35.03754806518555
0.0,34.988075256347656
0.0,34.94050216674805
0.0,34.85000228881836
0.0,34.76298141479492
0.0,34.76883316040039
0.0,34.819217681884766
0.0,34.822906494140625
0.0,34.82645034790039
0.0,34.82986068725586
0.0,34.83313751220703
0.0,34.88105010986328
0.0,34.9271240234375
0.0,35.01618576049805
0.0,35.012298583984375
0.0,34.96379470825195
0.0,34.96011734008789
0.0,34.91362380981445
0.0,34.77939224243164
0.0,34.605560302734375
0.0,34.43841552734375
0.0,34.27769470214844
0.0,34.07839584350586
0.0,33.88676452636719
0.0,33.65773391723633
0.0,33.18100357055664
0.0,32.88959884643555
0.0,32.56463623046875
0.0,32.16264724731445
0.0,31.731355667114258
0.0,31.406177520751953
0.0,31.093507766723633
0.0,30.792863845825195
0.0,30.503782272338867
0.0,30.27058219909668
0.0,30.04635238647461
0.0,29.87550926208496
0.0,29.666475296020508
0.0,29.465478897094727
0.0,29.272214889526367
0.0,29.131147384643555
0.0,28.99550437927246
0.0,28.820316314697266
0.0,28.651865005493164
0.0,28.579418182373047
0.0,28.554519653320312
0.0,28.53057861328125
0.0,28.41803550720215
0.0,28.265056610107422
0.0,28.1627254486084
0.0,27.881914138793945
0.0,27.749555587768555
0.0,27.667051315307617
0.0,27.511442184448242
0.0,27.438095092773438
0.0,27.412330627441406
0.0,27.387556076049805
0.0,27.208269119262695
0.0,27.191343307495117
0.0,27.17506980895996
0.0,27.159420013427734
0.0,27.010086059570312
0.0,26.866497039794922
0.0,26.683666229248047
0.0,26.294065475463867
0.0,26.08848762512207
0.0,25.890817642211914
0.0,25.700748443603516
0.0,25.342262268066406
0.0,24.899362564086914
0.0,24.83695411682129
0.0,24.7321834564209
0.0,24.631441116333008
0.0,24.489810943603516
0.0,24.353626251220703
0.0,24.222681045532227
0.0,24.14153480529785
0.0,24.018747329711914
0.0,23.565065383911133
0.0,23.016489028930664
0.0,22.713157653808594
0.0,22.421493530273438
0.0,22.0515193939209
0.0,21.695775985717773
0.0,21.39847755432129
0.0,21.112613677978516
0.0,20.573448181152344
0.0,20.319316864013672
0.0,20.07495880126953
0.0,19.352083206176758
0.0,19.100162506103516
0.0,18.857933044433594
0.0,18.625019073486328
0.0,18.401063919067383
0.0,18.230485916137695
0.0,18.06646728515625
0.0,17.90875816345215
0.0,17.75711441040039
0.0,17.52177619934082
0.0,17.295490264892578
0.0,16.780893325805664
0.0,16.448816299438477
0.0,15.995220184326172
0.0,15.603833198547363
0.0,15.272263526916504
0.0,14.953445434570312
0.0,14.646890640258789
0.0,14.28907299041748
0.0,14.142361640930176
0.0,13.777844429016113
0.0,13.561267852783203
0.0,13.308258056640625
0.0,13.109743118286133
0.0,12.918863296508789
0.0,12.603609085083008
0.0,12.476960182189941
0.0,12.399945259094238
0.0,12.281128883361816
0.0,12.032591819763184
0.0,11.838376998901367
0.0,11.651632308959961
0.0,11.47206974029541
0.0,11.254650115966797
0.0,11.000829696655273
0.0,10.479061126708984
0.0,10.210310935974121
0.0,9.570854187011719
0.0,9.202744483947754
0.0,8.84879207611084
0.0,8.463690757751465
0.0,8.093400955200195
0.0,7.782115936279297
0.0,7.482803821563721
0.0,7.195003509521484
0.0,6.918272972106934
0.0,6.308526515960693
0.0,5.9763641357421875
0.0,5.612213134765625
0.0,5.262068271636963
0.0,4.4243364334106445
0.0,3.9855921268463135
0.0,3.5189592838287354
0.0,3.0702736377716064
0.0,2.638845205307007
0.0,2.2687735557556152
0.0,1.957699179649353
0.0,1.6138255596160889
0.0,1.2831778526306152
0.0,0.9204838275909424
0.0,0.3689775764942169
0.0,0.17573575675487518
0.0,0.03468603268265724
0.0,0.16764260828495026
0.0,0.4184113144874573
0.0,0.4023185670375824
0.0,0.38684478402137756
0.0,0.4167296886444092
0.0,0.44546517729759216
0.0,0.47309544682502747
0.0,0.5891901254653931
0.0,0.8081556558609009
0.0,0.9561231136322021
0.0,1.1879266500473022
0.0,1.500341773033142
0.0,1.8902641534805298
0.0,2.309952974319458
0.0,2.8030271530151367
0.0,3.366663932800293
0.0,4.605340003967285
0.0,5.189180374145508
0.0,5.750565052032471
0.0,6.290358543395996
0.0,6.809390544891357
0.0,7.308459758758545
0.0,7.833097457885742
0.0,8.337556838989258
0.0,9.113411903381348
0.0,9.479104995727539
0.0,9.830733299255371
0.0,10.168837547302246
0.0,10.449173927307129
0.0,11.065720558166504
0.0,11.490612030029297
0.0,11.899161338806152
0.0,12.426287651062012
0.0,13.022663116455078
0.0,13.685628890991211
0.0,14.412622451782227
0.0,15.156414985656738
0.0,16.779651641845703
0.0,18.23394012451172
0.0,18.785999298095703
0.0,20.101015090942383
0.0,20.5364990234375
0.0,20.776180267333984
0.0,20.9171199798584
0.0,21.00787353515625
0.0,21.139902114868164
0.0,21.311614990234375
0.0,21.566247940063477
0.0,21.855850219726562
0.0,22.1790771484375
0.0,22.534637451171875
0.0,22.87652015686035
0.0,23.43354034423828
0.0,23.7408504486084
0.0,24.081106185913086
0.0,24.408273696899414
0.0,24.722856521606445
0.0,24.980579376220703
0.0,25.183624267578125
0.0,25.42362403869629
0.0,25.609628677368164
0.0,25.788480758666992
0.0,26.005216598510742
0.0,26.21361541748047
0.0,26.41400146484375
0.0,26.51715087890625
0.0,26.52680778503418
0.0,26.491331100463867
0.0,26.367694854736328
0.0,26.248811721801758
0.0,26.179264068603516
0.0,26.00333023071289
0.0,25.94322395324707
0.0,25.840667724609375
0.0,25.426860809326172
0.0,24.562213897705078
0.0,24.10990333557129
0.0,23.63022804260254
0.0,23.12424087524414
0.0,22.59295082092285
0.0,22.082096099853516
0.0,21.546125411987305
0.0,20.053726196289062
0.0,19.506244659423828
0.0,18.16374397277832
0.0,17.375612258911133
0.0,14.925063133239746
0.0,14.127208709716797
0.0,13.360040664672852
0.0,12.398564338684082
0.0,10.58513069152832
0.0,9.394010543823242
0.0,8.898411750793457
0.0,7.96366548538208
0.0,7.142481803894043
0.0,6.733480453491211
0.0,5.917304992675781
0.0,5.030139923095703
0.0,4.523332118988037
0.0,4.036016464233398
0.0,3.567444324493408
0.0,1.8795485496520996
0.0,1.3596304655075073
0.0,0.46681344509124756
0.0,0.045990943908691406
0.0,0.0
0.0,0.0
0.0,0.0
0.0,0.0
0.0,0.0
0.0,0.0
0.0,0.0
0.0,0.0
0.0,0.0
0.0,0.0
0.0,0.0
0.0,0.0
0.0,0.0
0.0,0.0
0.0,0.0
0.0,0.0
0.0,0.0
0.0,0.0
0.0,0.0
0.0,0.0
0.0,0.0
0.0,0.0
0.0,0.0
0.0,0.0
0.0,0.0
0.0,0.0
0.0,0.0
0.0,0.0
0.0,0.0
0.0,0.0
0.0,0.0
0.0,0.0
0.0,0.0
0.0,0.0
0.0,0.0
0.0,0.0
0.0,0.0
0.0,0.0
0.0,0.0
0.0,0.0
0.0,0.0
0.0,0.0
0.0,0.0
0.0,0.0
0.0,0.0
0.0,0.0
0.0,0.0
0.0,0.0
0.0,0.0
0.0,0.0
0.0,0.0
0.0,0.0
0.0,0.0
0.0,0.0
0.0,0.0
0.0,0.0
0.0,0.0
0.0,0.0
0.0,0.0
0.0,0.0
0.0,0.0
0.0,0.0
0.0,0.0
0.0,0.0
0.0,0.0
0.0,0.0
0.0,0.0
0.0,0.0
0.0,0.0
0.0,0.0
0.0,0.0
0.0,0.0
0.0,0.0
0.0,0.0
0.0,0.0
0.0,0.0
0.0,0.0
0.0,0.0
0.0,0.0
0.0,0.0
0.0,0.0
0.0,0.0
0.0,0.0
0.0,0.0
0.0,0.0
0.0,0.0
0.0,0.0
0.0,0.0
0.0,0.0
0.0,0.0
0.0,0.0
0.0,0.0
0.0,0.0
0.0,0.0
0.0,0.0
0.0,0.0
0.0,0.0
0.0,0.0
0.0,0.0
0.0,0.0
0.0,0.0
0.0,0.0
0.0,0.0
0.0,0.0
0.0,0.0
0.0,0.0
0.0,0.0
0.0,0.1327187716960907
0.0,1.3362147808074951
0.0,2.493422508239746
0.0,3.650885581970215
0.0,4.719067573547363
0.0,5.7461652755737305
0.0,6.778522968292236
0.0,7.771174907684326
0.0,8.68088436126709
0.0,9.51084041595459
0.0,10.723278045654297
0.0,11.845970153808594
0.0,12.464666366577148
0.0,13.585103034973145
0.0,14.047386169433594
0.0,14.402361869812012
0.0,14.994850158691406
0.0,15.044807434082031
0.0,15.048079490661621
0.0,15.006462097167969
0.0,14.92168140411377
0.0,14.884925842285156
0.0,14.760056495666504
0.0,14.595230102539062
0.0,14.481502532958984
0.0,14.32738971710205
0.0,14.134441375732422
0.0,13.94891357421875
0.0,13.680994033813477
0.0,13.333852767944336
0.0,12.865776062011719
0.0,12.281411170959473
0.0,11.629998207092285
0.0,10.958877563476562
0.0,10.224040985107422
0.0,9.47270393371582
0.0,8.705500602722168
0.0,7.923046112060547
0.0,7.081158638000488
0.0,6.092597484588623
0.0,5.052534103393555
0.0,3.9629464149475098
0.0,2.870502471923828
0.0,1.6857885122299194
0.0,0.4571135342121124
0.0,0.0
0.0,0.0
0.0,0.0
0.0,0.0
0.0,0.0
0.0,0.0
0.0,0.0
0.0,0.0
0.0,0.0
0.0,0.0
0.0,0.0
0.0,0.0
0.0,0.0
0.0,0.0
0.0,0.0
0.0,0.0
0.0,0.0
0.0,0.0
0.0,0.0
0.0,0.0
0.0,0.0
0.0,0.0
0.0,0.0
0.0,0.0
0.0,0.0
0.0,0.0
0.0,0.0
0.0,0.0
0.0,0.0
0.0,0.0
0.0,0.0
0.0,0.0
0.0,0.0
0.0,0.0
0.0,0.0
0.0,0.9891019463539124
0.0,2.0701329708099365
0.0,3.109586000442505
0.0,5.027050495147705
0.0,6.842896461486816
0.0,7.654017925262451
0.0,8.433942794799805
0.0,9.63809871673584
0.0,10.1626615524292
0.0,11.15203857421875
0.0,11.52884578704834
0.0,12.239541053771973
0.0,12.851855278015137
0.0,13.028999328613281
0.0,13.096248626708984
0.0,12.889654159545898
0.0,12.84152603149414
0.0,12.795248985290527
0.0,12.705991744995117
0.0,12.620168685913086
0.0,12.492881774902344
0.0,12.370491027832031
0.0,12.163280487060547
0.0,11.87451171875
0.0,11.50732707977295
0.0,11.109500885009766
0.0,10.637449264526367
0.0,10.094025611877441
0.0,8.803947448730469
0.0,8.06246566772461
0.0,7.30474328994751
0.0,6.486636638641357
0.0,5.610468864440918
0.0,3.7788825035095215
0.0,2.73828125
0.0,1.6929397583007812
0.0,0.6430400013923645
0.0,0.0
0.0,0.0
0.0,0.0
0.0,0.0
0.0,0.0
0.0,0.0
0.0,0.0
0.0,0.0
0.0,0.0
0.0,0.0
0.0,0.0
0.0,0.0
0.0,0.0
0.0,0.0
0.0,0.0
0.0,0.0
0.0,0.0
0.0,0.0
0.0,0.0
0.0,0.0
0.0,0.0
0.0,0.0
0.0,0.0
0.0,0.0
0.0,0.0
0.0,0.0
0.0,0.0
0.0,0.0
0.0,0.0
0.0,0.0
0.0,0.0
0.0,0.0
0.0,0.0
0.0,0.0
0.0,0.0
0.0,0.0
0.0,0.0
0.0,0.32438531517982483
0.0,1.4309823513031006
0.0,2.5397815704345703
0.0,4.763650894165039
0.0,5.923320770263672
0.0,7.038388252258301
0.0,8.200095176696777
0.0,9.317121505737305
0.0,10.39118480682373
0.0,11.423938751220703
0.0,12.416971206665039
0.0,14.334687232971191
0.0,15.260531425476074
0.0,16.150766372680664
0.0,17.006759643554688
0.0,17.829832077026367
0.0,18.57648468017578
0.0,19.984739303588867
0.0,20.60374641418457
0.0,21.198945999145508
0.0,22.586685180664062
0.0,23.329431533813477
0.0,24.13313865661621
0.0,24.995458602905273
0.0,25.824615478515625
0.0,26.532352447509766
0.0,27.123342514038086
0.0,27.691600799560547
0.0,28.19324493408203
0.0,28.630830764770508
0.0,29.051586151123047
0.0,29.411396026611328
386.4859619140625,29.757366180419922
383.075439453125,123.57431030273438
383.075439453125,123.84941101074219
386.4859313964844,124.11393737792969
389.89642333984375,124.41305541992188
386.4859313964844,124.74542236328125
372.8439636230469,125.23974609375
355.79180908203125,125.3165054321289
325.0979919433594,124.79844665527344
311.4560241699219,124.2655029296875
297.8143310546875,123.5739974975586
294.40386962890625,122.73004150390625
294.40386962890625,121.91854858398438
287.5828857421875,121.00397491455078
280.7621765136719,120.12457275390625
253.4785614013672,119.01042175292969
236.42640686035156,117.76006317138672
222.78443908691406,113.4172134399414
215.9637451171875,111.88958740234375
188.6801300048828,110.24166870117188
0.0,108.47808074951172
0.0,106.64803314208984
0.0,104.7988510131836
0.0,100.73607635498047
0.0,98.5323486328125
497.1041259765625,96.23433685302734
469.8207702636719,222.2260284423828
422.07452392578125,213.96047973632812
411.8430480957031,211.13677978515625
401.6118469238281,208.2873992919922
387.96990966796875,205.547607421875
374.3282470703125,202.55508422851562
360.68658447265625,199.4986114501953
329.9924621582031,193.1587677001953
309.5298156738281,189.79225158691406
295.88787841796875,186.3761444091797
282.2462158203125,179.5818634033203
251.55238342285156,175.97654724121094
234.4999542236328,168.73757934570312
217.4477996826172,165.1017303466797
0.0,161.06857299804688
0.0,156.9219512939453
0.0,152.7110137939453
0.0,148.66201782226562
469.27899169921875,144.32113647460938
452.226806640625,264.2691345214844
431.7641906738281,260.04052734375
418.1225280761719,255.52694702148438
407.89105224609375,251.05267333984375
397.6597595214844,246.61618041992188
380.6074523925781,238.02474975585938
366.9657897949219,233.6864776611328
353.323974609375,229.33599853515625
336.2718200683594,225.15286254882812
319.2195129394531,220.68296813964844
302.1673889160156,216.16119384765625
271.4732971191406,207.01461791992188
251.0106658935547,202.3470916748047
210.08538818359375,193.0168914794922
189.6227569580078,188.08201599121094
0.0,183.068359375
0.0,178.0237274169922
0.0,172.9940643310547
0.0,167.88926696777344
0.0,162.98081970214844
0.0,158.03733825683594
0.0,153.0601806640625
0.0,147.9611053466797
0.0,142.92385864257812
0.0,137.85653686523438
0.0,132.80506896972656
0.0,127.76882934570312
0.0,122.9262924194336
0.0,118.04619598388672
0.0,113.2195053100586
0.0,108.44416046142578
309.53497314453125,103.7629623413086
289.07232666015625,209.14334106445312
289.07232666015625,204.8935089111328
285.66180419921875,196.87794494628906
278.84100341796875,193.0550994873047
272.02001953125,189.28977966308594
268.6095275878906,181.96762084960938
265.1991882324219,178.44967651367188
254.96786499023438,174.93275451660156
244.73655700683594,171.41680908203125
237.91558837890625,167.94656372070312
231.09475708007812,164.52024841308594
227.68426513671875,161.22573852539062
224.27392578125,157.96839904785156
220.86343383789062,154.8363494873047
214.04246520996094,151.6904754638672
200.40081787109375,148.48654174804688
196.9903106689453,145.4058380126953
0.0,139.0667724609375
0.0,135.99026489257812
0.0,132.94256591796875
0.0,130.01206970214844
0.0,127.1047592163086
0.0,124.17498779296875
0.0,121.26837158203125
472.77130126953125,234.67327880859375
469.3609619140625,231.85263061523438
459.129638671875,229.09571838378906
455.71917724609375,226.26577758789062
445.4878234863281,220.75091552734375
435.25653076171875,217.97335815429688
428.4356994628906,215.21310424804688
418.2042541503906,212.4247283935547
411.3834228515625,209.65406799316406
397.7416076660156,204.1632080078125
380.6894836425781,198.69061279296875
373.86865234375,195.95579528808594
363.6371765136719,193.19186401367188
356.81634521484375,190.5342559814453
349.99554443359375,187.7998046875
343.174560546875,185.17051696777344
336.3537292480469,179.94802856445312
329.53289794921875,177.35215759277344
322.7119445800781,174.85614013671875
315.89111328125,172.2770538330078
305.6597900390625,167.27838134765625
278.3761901855469,162.08351135253906
257.91357421875,156.7589111328125
251.09275817871094,154.025390625
240.8614501953125,151.26271057128906
593.9955444335938,145.83164978027344
587.174560546875,267.2508850097656
580.3536987304688,264.6788330078125
570.1224365234375,261.9819030761719
559.89111328125,259.25439453125
553.0701293945312,256.6318054199219
546.249267578125,253.9310302734375
539.428466796875,251.33412170410156
529.197021484375,248.74757385253906
512.1448974609375,245.90240478515625
491.6822814941406,243.1666717529297
467.8091735839844,237.16664123535156
437.115234375,233.7821044921875
416.6526184082031,230.25917053222656
355.2646484375,219.6425323486328
341.62298583984375,215.6786346435547
331.3916931152344,211.86720275878906
314.33941650390625,207.84425354003906
304.10809326171875,203.8417510986328
290.46630859375,199.99319458007812
273.4141845703125,196.1136016845703
246.1306915283203,187.9991912841797
232.48890686035156,183.99899291992188
222.25759887695312,179.9735870361328
208.61581420898438,175.7896728515625
198.38450622558594,171.76666259765625
191.56369018554688,167.7641143798828
